{
  "IcoMoonType": "selection",
  "icons": [
    {
      "icon": {
        "paths": [
          "M1024 512c0 282.77-229.23 512-512 512s-512-229.23-512-512c0-282.77 229.23-512 512-512s512 229.23 512 512z",
          "M645.12 512l-192 133.022v-266.043l192 133.022z"
        ],
        "attrs": [
          {
            "fill": "rgb(255, 255, 255)"
          },
          {
            "fill": "rgb(29, 29, 31)"
          }
        ],
        "isMulticolor": true,
        "isMulticolor2": false,
        "grid": 0,
        "tags": [
          "Play"
        ],
        "colorPermutations": {
          "25525525512929311": [
            {
              "f": 1
            },
            {
              "f": 0
            }
          ]
        }
      },
      "attrs": [
        {
          "fill": "rgb(255, 255, 255)"
        },
        {
          "fill": "rgb(29, 29, 31)"
        }
      ],
      "properties": {
        "order": 13,
        "id": 1,
        "name": "Play",
        "prevSize": 32
      },
      "setIdx": 0,
      "setId": 5,
      "iconIdx": 0
    },
    {
      "icon": {
        "paths": [
          "M682.667 213.333l-298.667 298.667 298.667 298.667"
        ],
        "attrs": [
          {
            "fill": "none",
            "stroke": "rgb(255, 255, 255)",
            "strokeLinejoin": "round",
            "strokeLinecap": "round",
            "strokeMiterlimit": "4",
            "strokeWidth": 25.6
          }
        ],
        "isMulticolor": false,
        "isMulticolor2": false,
        "grid": 0,
        "tags": [
          "Arrow-l"
        ],
        "colorPermutations": {
          "25525525512929311": [
            {
              "s": 1
            }
          ]
        }
      },
      "attrs": [
        {
          "fill": "none",
          "stroke": "rgb(255, 255, 255)",
          "strokeLinejoin": "round",
          "strokeLinecap": "round",
          "strokeMiterlimit": "4",
          "strokeWidth": 25.6
        }
      ],
      "properties": {
        "order": 17,
        "id": 5,
        "name": "Arrow-l",
        "prevSize": 32
      },
      "setIdx": 0,
      "setId": 5,
      "iconIdx": 1
    },
    {
      "icon": {
        "paths": [
          "M341.333 213.333l298.667 298.667-298.667 298.667"
        ],
        "attrs": [
          {
            "fill": "none",
            "stroke": "rgb(255, 255, 255)",
            "strokeLinejoin": "round",
            "strokeLinecap": "round",
            "strokeMiterlimit": "4",
            "strokeWidth": 25.6
          }
        ],
        "isMulticolor": false,
        "isMulticolor2": false,
        "grid": 0,
        "tags": [
          "Arrow-r"
        ],
        "colorPermutations": {
          "25525525512929311": [
            {
              "s": 1
            }
          ]
        }
      },
      "attrs": [
        {
          "fill": "none",
          "stroke": "rgb(255, 255, 255)",
          "strokeLinejoin": "round",
          "strokeLinecap": "round",
          "strokeMiterlimit": "4",
          "strokeWidth": 25.6
        }
      ],
      "properties": {
        "order": 22,
        "id": 4,
        "name": "Arrow-r",
        "prevSize": 32
      },
      "setIdx": 0,
      "setId": 5,
      "iconIdx": 2
    },
    {
      "icon": {
        "paths": [
          "M512 0.012c-282.77 0-512 229.23-512 512s229.23 512 512 512c282.77 0 512-229.23 512-512s-229.23-512-512-512zM565.366 534.502v278.556h-115.251v-278.546h-57.582v-95.992h57.582v-57.631c0-78.31 32.512-124.877 124.887-124.877h76.905v96.003h-48.072c-35.958 0-38.339 13.414-38.339 38.451l-0.131 48.044h87.084l-10.189 95.992h-76.895z"
        ],
        "attrs": [
          {
            "fill": "rgb(255, 255, 255)"
          }
        ],
        "isMulticolor": false,
        "isMulticolor2": false,
        "grid": 0,
        "tags": [
          "Facebook"
        ],
        "colorPermutations": {
          "25525525512929311": [
            {
              "f": 1
            }
          ]
        }
      },
      "attrs": [
        {
          "fill": "rgb(255, 255, 255)"
        }
      ],
      "properties": {
        "order": 25,
        "id": 3,
        "name": "Facebook",
        "prevSize": 32
      },
      "setIdx": 0,
      "setId": 5,
      "iconIdx": 3
    },
    {
      "icon": {
        "paths": [
          "M512 1024.013c-282.77 0-512-229.23-512-512s229.23-512 512-512c282.77 0 512 229.23 512 512s-229.23 512-512 512zM418.132 746.68c12.454 0 18.145-5.542 25.021-12.237l0.579-0.563 61.499-59.799 127.941 94.525c23.547 12.989 40.54 6.264 46.405-21.862l83.988-395.789c8.599-34.476-13.14-50.112-35.666-39.885l-493.184 190.17c-33.665 13.504-33.468 32.284-6.136 40.653l126.561 39.503 293.005-184.855c13.832-8.387 26.527-3.878 16.108 5.371l-237.409 214.254-8.712 130.514z"
        ],
        "attrs": [
          {
            "fill": "rgb(255, 255, 255)"
          }
        ],
        "isMulticolor": false,
        "isMulticolor2": false,
        "grid": 0,
        "tags": [
          "Telegram"
        ],
        "colorPermutations": {
          "25525525512929311": [
            {
              "f": 1
            }
          ]
        }
      },
      "attrs": [
        {
          "fill": "rgb(255, 255, 255)"
        }
      ],
      "properties": {
        "order": 26,
        "id": 0,
        "name": "Telegram",
        "prevSize": 32
      },
      "setIdx": 0,
      "setId": 5,
      "iconIdx": 4
    },
    {
      "icon": {
        "paths": [
          "M0 512.013c0-282.77 229.23-512 512-512s512 229.23 512 512c0 282.77-229.23 512-512 512s-512-229.23-512-512zM418.304 497.385v55.588h92.26c-3.717 23.857-27.886 69.949-92.26 69.949-55.542 0-100.856-45.862-100.856-102.377s45.315-102.374 100.856-102.374c31.606 0 52.754 13.432 64.837 25.014l44.155-42.386c-28.352-26.404-65.070-42.386-108.992-42.386-89.935 0-162.673 72.497-162.673 162.132 0 89.638 72.738 162.135 162.673 162.135 93.888 0 156.168-65.782 156.168-158.428 0-10.655-1.162-18.762-2.557-26.867h-153.61zM720.415 497.385h46.477v46.323h-46.477v46.323h-46.479v-46.323h-46.479v-46.323h46.479v-46.326h46.479v46.326z"
        ],
        "attrs": [
          {
            "fill": "rgb(255, 255, 255)"
          }
        ],
        "isMulticolor": false,
        "isMulticolor2": false,
        "grid": 0,
        "tags": [
          "Google +"
        ],
        "colorPermutations": {
          "25525525512929311": [
            {
              "f": 1
            }
          ]
        }
      },
      "attrs": [
        {
          "fill": "rgb(255, 255, 255)"
        }
      ],
      "properties": {
        "order": 24,
        "id": 2,
        "name": "Google-",
        "prevSize": 32
      },
      "setIdx": 0,
      "setId": 5,
      "iconIdx": 5
    },
    {
      "icon": {
        "paths": [
          "M341.333 213.333l298.667 298.667-298.667 298.667"
        ],
        "attrs": [
          {
            "fill": "none",
            "stroke": "rgb(255, 255, 255)",
            "strokeLinejoin": "round",
            "strokeLinecap": "round",
            "strokeMiterlimit": "4",
            "strokeWidth": 64
          }
        ],
        "isMulticolor": false,
        "isMulticolor2": false,
        "grid": 0,
        "tags": [
          "Arrow"
        ],
        "colorPermutations": {
          "25525525512929311": [
            {
              "s": 1
            }
          ]
        }
      },
      "attrs": [
        {
          "fill": "none",
          "stroke": "rgb(255, 255, 255)",
          "strokeLinejoin": "round",
          "strokeLinecap": "round",
          "strokeMiterlimit": "4",
          "strokeWidth": 64
        }
      ],
      "properties": {
        "order": 20,
        "id": 6,
        "name": "Arrow",
        "prevSize": 32
      },
      "setIdx": 0,
      "setId": 5,
      "iconIdx": 6
    }
  ],
  "height": 1024,
  "preferences": {
    "showGlyphs": true,
    "showQuickUse": true,
    "showQuickUse2": true,
    "showSVGs": true,
    "fontPref": {
      "prefix": "icon-",
      "metadata": {
        "fontFamily": "icomoon"
      },
      "metrics": {
        "emSize": 1024,
        "baseline": 6.25,
        "whitespace": 50
      },
      "embed": false
    },
    "imagePref": {
      "prefix": "icon-",
      "png": true,
      "useClassSelector": true,
      "color": 0,
      "bgColor": 16777215,
      "classSelector": ".icon",
      "name": "icomoon"
    },
    "historySize": 50,
    "showCodes": true,
    "gridSize": 16
  }
}